            , confirmedMode ,ci, noConfirmedMode ,ci, timeout=0.2 , timeout=0.4 , timeout=0.6 ,ci, timeout=0.8 , timeout=1 
            ,8.45,0.15,1.08,0.02,0.00,0.00,0,0,0,0
 retries=6  ,0.00,0.00,0.00,0.00,1.00,1.00,1.24,0.12146,1,1
 retries=7  ,0.00,0.00,0.00,0.00,1.00,1.00,1.24,0.12146,1,1
 retries=8  ,0,0,0,0,1,1,1.24,0.12146,1,1
 retries=9  ,0,0,0,0,1,1,1.24,0.12146,1,1
 retries=10 ,0,0,0,0,1,1,1.24,0.12146,1,1
